{".label-dentate.curvature": [-2.1463347196578977, 2.1662665277719495], ".label-dentate.gyrification": [-8.379041808843612, 12.426038879156112], ".label-hipp.curvature": [-0.9856418583542108, 0.9846630234271287], ".label-hipp.gauss-curv_filtered_sm1": [-0.09312128056772054, 0.13306658123619855], ".label-hipp.gyrification": [-3.1803498625755307, 6.859679615497589], ".label-hipp.thickness": [0.022090148925781206, 2.759787607192993]}